<?xml version="1.0" encoding="UTF-8"?>

<mule xmlns:https="http://www.mulesoft.org/schema/mule/https"
	xmlns:tls="http://www.mulesoft.org/schema/mule/tls" xmlns:dw="http://www.mulesoft.org/schema/mule/ee/dw" xmlns:oauth2="http://www.mulesoft.org/schema/mule/oauth2" xmlns:http="http://www.mulesoft.org/schema/mule/http" xmlns="http://www.mulesoft.org/schema/mule/core" xmlns:doc="http://www.mulesoft.org/schema/mule/documentation"
	xmlns:spring="http://www.springframework.org/schema/beans" 
	xmlns:xsi="http://www.w3.org/2001/XMLSchema-instance"
	xsi:schemaLocation="http://www.mulesoft.org/schema/mule/https http://www.mulesoft.org/schema/mule/https/current/mule-https.xsd
http://www.springframework.org/schema/beans http://www.springframework.org/schema/beans/spring-beans-current.xsd
http://www.mulesoft.org/schema/mule/core http://www.mulesoft.org/schema/mule/core/current/mule.xsd
http://www.mulesoft.org/schema/mule/http http://www.mulesoft.org/schema/mule/http/current/mule-http.xsd
http://www.mulesoft.org/schema/mule/ee/dw http://www.mulesoft.org/schema/mule/ee/dw/current/dw.xsd
http://www.mulesoft.org/schema/mule/oauth2 http://www.mulesoft.org/schema/mule/oauth2/current/mule-oauth2.xsd
http://www.mulesoft.org/schema/mule/tls http://www.mulesoft.org/schema/mule/tls/current/mule-tls.xsd">
     <tls:context name="TLS_Context" doc:name="TLS Context" enabledProtocols="TLSv1.1,TLSv1.2,SSLv3">
    <!--   <tls:trust-store path="client_truststore.ts" password="123456"/> -->
        <tls:key-store path="serveroauth.jks" password="123456789" keyPassword="123456789"/>
    </tls:context>
  	
    <http:listener-config name="HTTP_Listener_Configuration" host="localhost" port="8081" basePath="/github"   doc:name="HTTP Listener Configuration">
      </http:listener-config> 
    
    <http:request-config name="HTTP_Request_Configuration" protocol="HTTPS" host="api.github.com" port="443" basePath="/user" tlsContext-ref="TLS_Context" doc:name="HTTP Request Configuration">
        <oauth2:authorization-code-grant-type clientId="f9826e74e3a4db194617" clientSecret="ea802e6ba6bba6fbd762cdf51e9ac07c5ed8f44d" redirectionUrl="https://localhost:8082/callback" tlsContext-ref="TLS_Context">
            <oauth2:authorization-request authorizationUrl="https://github.com/login/oauth/authorize"  localAuthorizationUrl="https://localhost:8082/login" scopes="access_user_details, read_user_files"/>
               <oauth2:token-request tokenUrl="https://github.com/login/oauth/access_token">
                <oauth2:token-response accessToken="#[payload.'code']" refreshToken="#[payload.'code']"/>
            </oauth2:token-request>            
        </oauth2:authorization-code-grant-type>  
        
    </http:request-config>
    
    <!-- <tls:context>
			<tls:trust-store path="client-truststore" password="mulepass"
				type="jks" />
			<tls:key-store type="jks" path="client-keystore"
				keyPassword="mulepass" password="mulepass" />
		</tls:context> -->
  
    <flow name="oauthpocFlow">
        <http:listener config-ref="HTTP_Listener_Configuration" path="/" doc:name="HTTP"/>
        <http:request config-ref="HTTP_Request_Configuration" path="/user" method="GET" doc:name="HTTP">
        	<http:request-builder>
                <http:header headerName="Accept" value="application/vnd.github.v3+json"/>
            </http:request-builder>
        </http:request>
        <dw:transform-message doc:name="Transform Message">
            <dw:set-payload><![CDATA[%dw 1.0
%output application/json
---
payload]]></dw:set-payload>
        </dw:transform-message>
        <logger message="messag&gt;&gt;&gt;&gt;&gt;#[message]" level="INFO" doc:name="Logger"/>
    </flow>
</mule>
